question,answer,tags,card_type,options,correct_option_idx,typed_compare_mode
dieselben,"Das Wort 'dieselben' bedeutet 'die gleichen' oder 'die gleichen Personen/Dinge'. Es wird verwendet, um auf etwas vorher Genanntes hinzuweisen und zu betonen, dass es sich um genau dasselbe handelt.
The word 'dieselben' means 'the same' or 'the same people/things'. It is used to refer back to something mentioned before and emphasizes that it is exactly the same.","de,hesse_unterm_rad,Moderne,DET",basic,"",0,ci
berauben (v),"etwas nehmen, das jemand braucht oder hat, oft durch eigenes Tun oder durch einen anderen
to deprive someone of something they need or have, often through their own action or by someone else","de,hesse_unterm_rad,Moderne,VERB",basic,"",0,ci
maßlos,"Sehr viel, zu viel, ohne Grenzen oder Kontrolle.
Excessively, without limits, too much.","de,hesse_unterm_rad,Moderne,ADV",basic,"",0,ci
wirst,"Das Wort 'wirst' ist die 2. Person Singular von 'werden' und bedeutet, dass etwas in der Zukunft passiert oder sich eine Veränderung ereignet.
The word 'wirst' is the 2nd person singular form of 'werden' and means that something will happen in the future or a change will occur.","de,hesse_unterm_rad,Moderne,AUX",basic,"",0,ci
übernächtig (adj),"Das Wort 'übernächtig' bedeutet sehr müde, erschöpft oder wie jemand, der zu lange wach war und nicht genug geschlafen hat.
The word 'übernächtig' means very tired, exhausted, or like someone who stayed up too long and did not sleep enough.","de,hesse_unterm_rad,Moderne,ADJ",basic,"",0,ci
durchkommen (v),"etwas schaffen oder ein Ziel erreichen, oft nach Schwierigkeiten
to succeed or make it through, often after difficulties","de,hesse_unterm_rad,Moderne,VERB",basic,"",0,ci
jauchzen,"laut und fröhlich schreien oder lachen
to shout or laugh loudly and joyfully","de,hesse_unterm_rad,Moderne,NOUN",basic,"",0,ci
tiefliegend (adj),"Das Wort 'tiefliegend' bedeutet, dass etwas (z. B. Augen) sehr tief in der Haut oder im Gesicht liegt und nicht sofort sichtbar ist.
The word 'tiefliegend' means that something (e.g., eyes) lies very deep in the skin or face and is not immediately visible.","de,hesse_unterm_rad,Moderne,ADJ",basic,"",0,ci
würdig,"etwas, das man respektieren oder bewundern sollte, weil es gut oder wichtig ist
worthy, deserving, or fitting for something important","de,hesse_unterm_rad,Moderne,ADV",basic,"",0,ci
milde (adj),"Milde bedeutet sanft, freundlich oder nicht streng.
Gentle, kind, or not harsh.","de,hesse_unterm_rad,Moderne,ADJ",basic,"",0,ci
blinken (v),"etwas leuchtet kurz auf und geht wieder aus, oft wegen Wasser oder Licht
to flash or shimmer briefly, often due to water or light","de,hesse_unterm_rad,Moderne,VERB",basic,"",0,ci
brüstung,"Eine Brüstung ist eine niedrige Mauer oder ein Geländer, das an Brücken, Fenstern oder Balkonen steht, um einen Sturz zu verhindern.
A parapet or low wall/railing that stands at bridges, windows, or balconies to prevent falling.","de,hesse_unterm_rad,Moderne,NOUN",basic,"",0,ci
nüchtern,"nüchtern bedeutet klar, sachlich und ohne Emotionen oder Trunkenheit; es beschreibt einen rationalen Geisteszustand.
sober, clear-headed, and rational without emotions or drunkenness.","de,hesse_unterm_rad,Moderne,ADV",basic,"",0,ci
gemüt,"Das Gemüt ist die innere Stimmung oder das Gefühl eines Menschen, zum Beispiel Freude, Trauer oder Angst.
The Gemüt is the inner mood or feeling of a person, such as joy, sadness, or fear.","de,hesse_unterm_rad,Moderne,NOUN",basic,"",0,ci
fordernd,"fordernd — ein Wort aus dem literarischen Kontext.
(no English gloss for fordernd)","de,hesse_unterm_rad,Moderne,ADV",basic,"",0,ci
notwendig,"etwas, das man unbedingt machen muss oder das sehr wichtig ist
something that must be done or is very important","de,hesse_unterm_rad,Moderne,ADV",basic,"",0,ci
spaziergang,"Ein Spaziergang ist ein langsames Gehen, oft zum Entspannen oder zum Lernen, nicht zum Sport.
A walk, usually done slowly to relax or study, not for sports.","de,hesse_unterm_rad,Moderne,NOUN",basic,"",0,ci
vergeistigen (v),"etwas sehr geistig, abstrakt oder spirituell machen; von der Materie lösen
to make something very spiritual, abstract, or intellectual; to separate from matter","de,hesse_unterm_rad,Moderne,VERB",basic,"",0,ci
hag (adj),"Hager bedeutet sehr dünn, abgemagert und oft auch blass oder krank aussehend.
Hager means very thin, emaciated, and often looking pale or sickly.","de,hesse_unterm_rad,Moderne,ADJ",basic,"",0,ci
schmal (adj),"etwas, das nicht breit ist, sondern nur eine kleine Breite hat
not wide, having only a small width","de,hesse_unterm_rad,Moderne,ADJ",basic,"",0,ci
gefürchtet (adj),"etwas oder jemanden, den man sehr fürchtet, der als gefährlich oder streng bekannt ist
feared (someone or something that is very frightening or known to be dangerous)","de,hesse_unterm_rad,Moderne,ADJ",basic,"",0,ci
glänzen (v),"etwas glänzt, wenn es stark reflektiert und hell erscheint, oft durch Licht oder einen glatten Stoff.
something shines or gleams, appearing bright by reflecting light or having a smooth surface.","de,hesse_unterm_rad,Moderne,VERB",basic,"",0,ci
gebogen (adj),"Bedeutet, dass etwas eine Kurve hat oder nicht gerade ist, sondern sich in eine Richtung wölbt.
Means that something has a curve or is not straight, but bends in one direction.","de,hesse_unterm_rad,Moderne,ADJ",basic,"",0,ci
umsonst,"etwas tun, ohne dafür Geld oder Gegenleistung zu bekommen; umsonst = kostenlos oder vergeblich (je nach Kontext).
to do something without receiving money or payment in return; 'umsonst' can mean 'for free' or 'in vain' depending on context.","de,hesse_unterm_rad,Moderne,ADV",basic,"",0,ci
geistig (adj),"geistig — ein Wort aus dem literarischen Kontext.
(no English gloss for geistig)","de,hesse_unterm_rad,Moderne,ADJ",basic,"",0,ci
frieden,"Frieden bedeutet Ruhe, keine Kriege und eine friedliche, angenehme Atmosphäre.
Peace means no war and a calm, pleasant atmosphere.","de,hesse_unterm_rad,Moderne,NOUN",basic,"",0,ci
freie,"Das Wort 'im Freien' bedeutet 'draußen', also nicht in einem geschlossenen Raum wie einem Haus oder Zimmer.
The phrase 'im Freien' means 'outside', referring to not being inside a closed room like a house or room.","de,hesse_unterm_rad,Moderne,NOUN",basic,"",0,ci
benützen (v),"etwas benutzen oder verwenden
to use or make use of something","de,hesse_unterm_rad,Moderne,VERB",basic,"",0,ci
gescheit (adj),"Sehr klug, intelligent oder begabt
Very smart, intelligent, or gifted","de,hesse_unterm_rad,Moderne,ADJ",basic,"",0,ci
glut,"Glut ist das leuchtende, heiße Glühen von Kohle oder Feuer, das auch für brennende Augen oder starke Gefühle steht.
Glowing coal or fire, also used metaphorically for burning eyes or strong feelings.","de,hesse_unterm_rad,Moderne,NOUN",basic,"",0,ci
eingehen (v),"Etwas eingehen bedeutet, dass man in eine Organisation, eine Schule oder eine Gruppe aufgenommen wird und dort Mitglied wird.
To be admitted into an organization, school, or group and become a member.","de,hesse_unterm_rad,Moderne,VERB",basic,"",0,ci
antreten (v),"antreten bedeutet, sich zu einer bestimmten Zeit oder an einem bestimmten Ort einzufinden, um etwas zu tun (z. B. zur Arbeit oder zu einem Termin).
to appear or show up at a specific place or time for a purpose (e.g., for work or an appointment).","de,hesse_unterm_rad,Moderne,VERB",basic,"",0,ci
brunnen,"Ein Brunnen ist ein Loch im Boden, aus dem Wasser kommt, oft mit einem Becken, in dem man trinken kann.
A well is a hole in the ground from which water comes, often with a basin where one can drink.","de,hesse_unterm_rad,Moderne,NOUN",basic,"",0,ci
wehr (v),"Ein Wehr ist eine Mauer oder ein Damm am Fluss, der das Wasser aufhält und den Fluss in zwei Teile teilt.
A weir is a wall or dam across a river that holds back the water and divides the river into two parts.","de,hesse_unterm_rad,Moderne,VERB",basic,"",0,ci
scheinbar,"Etwas sieht auf den ersten Blick so aus, ist aber vielleicht nicht wirklich so.
Something appears to be one way at first glance, but might not actually be so.","de,hesse_unterm_rad,Moderne,ADV",basic,"",0,ci
hauch,"Ein Hauch ist eine sehr leichte, fast unsichtbare Bewegung von Luft, die man fühlen kann.
A breath or a very light, almost invisible movement of air that can be felt.","de,hesse_unterm_rad,Moderne,NOUN",basic,"",0,ci
gewöhnlich (adj),"Das Wort 'gewöhnlich' bedeutet, dass etwas oft passiert oder die Norm ist, also 'meistens' oder 'normalerweise'.
The word 'gewöhnlich' means that something happens often or is the norm, so 'usually' or 'normally'.","de,hesse_unterm_rad,Moderne,ADJ",basic,"",0,ci
überhaupt,"Das Wort 'überhaupt' bedeutet 'überhaupt nicht' (verneinend) oder 'überall/immer' (betonend, dass etwas sehr wichtig oder allgemein gilt).
The word 'überhaupt' means 'at all' (often used in negative sentences) or 'in general' (emphasizing that something applies everywhere or always).","de,hesse_unterm_rad,Moderne,ADV",basic,"",0,ci
herum,"herum bedeutet, dass man sich von Ort zu Ort bewegt oder etwas unruhig und ohne festen Zweck macht.
to move from place to place or to act restlessly without a fixed purpose.","de,hesse_unterm_rad,Moderne,ADP",basic,"",0,ci
ohnehin,"Das Wort 'ohnehin' bedeutet 'trotzdem' oder 'eigentlich schon'. Es zeigt an, dass etwas sowieso der Fall ist, egal was noch passiert.
The word 'ohnehin' means 'anyway' or 'in any case'. It indicates that something is true regardless of other factors.","de,hesse_unterm_rad,Moderne,ADV",basic,"",0,ci
soweit,"Es bedeutet, dass der richtige Moment gekommen ist oder etwas endlich geschehen kann.
It means that the right moment has arrived or that something can finally happen.","de,hesse_unterm_rad,Moderne,SCONJ",basic,"",0,ci
ungewöhnlich,"etwas, das nicht oft vorkommt oder nicht so ist wie man es gewohnt ist
something that does not happen often or is not as usual","de,hesse_unterm_rad,Moderne,ADV",basic,"",0,ci
wohlwollen,"Gute Wünsche und Freundlichkeit gegenüber jemandem zeigen.
To show good wishes and kindness towards someone.","de,hesse_unterm_rad,Moderne,NOUN",basic,"",0,ci
vorbeigehen,"etwas oder jemanden auf dem Weg passieren, ohne zu stoppen oder hinzuschauen
to pass by something or someone on the way without stopping or looking","de,hesse_unterm_rad,Moderne,NOUN",basic,"",0,ci
ehre,"Ehre bedeutet das gute Ansehen, das man in der Gesellschaft hat, oder die Pflicht, sich schicklich und tapfer zu verhalten.
Honor or reputation; the duty to behave properly and bravely.","de,hesse_unterm_rad,Moderne,NOUN",basic,"",0,ci
schweiß,"Schweiß ist eine Flüssigkeit, die aus der Haut kommt, wenn man heiß ist oder viel Angst hat.
Sweat is a liquid that comes from the skin when you are hot or very scared.","de,hesse_unterm_rad,Moderne,NOUN",basic,"",0,ci
zusprach,"etwas als besonders wichtig oder gut ansehen
to attribute a special positive value or importance to something","de,hesse_unterm_rad,Moderne,NOUN",basic,"",0,ci
tun (v),"tun bedeutet im allgemeinen Sinne etwas ausführen oder eine Handlung verrichten. Im Satz bedeutet 'tut Wunder', dass die Spaziergänge einen sehr positiven Effekt haben.
to do or to perform an action. In the sentence, 'tut Wunder' means that the walks have a very positive effect.","de,hesse_unterm_rad,Moderne,VERB",basic,"",0,ci
laufen (v),"Das Verb 'laufen' bedeutet, mit den Beinen schnell vorwärts zu gehen.
The verb 'laufen' means to move forward quickly using one's legs.","de,hesse_unterm_rad,Moderne,VERB",basic,"",0,ci
zart,"zart bedeutet weich, dünn oder empfindlich, oft verwendet für Haut, Stoff oder Gefühle.
delicate, soft, or thin, often used for skin, fabric, or feelings.","de,hesse_unterm_rad,Moderne,ADV",basic,"",0,ci
dort,"dort bedeutet 'an diesem Ort' oder 'da'. Es zeigt an, wo etwas passiert.
dort means 'there' or 'at that place'. It indicates where something happens.","de,hesse_unterm_rad,Moderne,ADV",basic,"",0,ci
beizeiten (v),"Beizeiten bedeutet, etwas sehr schnell und in kurzer Zeit zu erledigen, oft mit der Bedeutung 'sofort' oder 'unverzüglich'.
To do something very quickly and in a short time, often with the meaning 'immediately' or 'without delay'.","de,hesse_unterm_rad,Moderne,VERB",basic,"",0,ci
verlockend,"etwas, das sehr schön aussieht und einen großen Spaß macht oder sehr gut ist
appealing, tempting, or very attractive","de,hesse_unterm_rad,Moderne,NOUN",basic,"",0,ci
ufer,"Das Wort 'Ufer' bedeutet den Rand oder die Kante eines Gewässers wie eines Flusses oder Sees, an dem Land beginnt.
The word 'Ufer' means the edge or bank of a body of water such as a river or lake, where land begins.","de,hesse_unterm_rad,Moderne,NOUN",basic,"",0,ci
gelten (v),"etwas gilt, wenn es als richtig, wichtig oder gültig angesehen wird; auch: etwas muss man tun oder beachten.
to be considered valid, correct, or important; also: to be required or expected.","de,hesse_unterm_rad,Moderne,VERB",basic,"",0,ci
tadellos,"etwas ist tadellos, wenn es absolut perfekt ist und niemand etwas auszusetzen hat.
something is tadellos when it is absolutely perfect and no one has anything to criticize.","de,hesse_unterm_rad,Moderne,ADV",basic,"",0,ci
tief,"sehr niedrig, sehr ernst oder sehr stark
very low, very serious, or very deep","de,hesse_unterm_rad,Moderne,ADV",basic,"",0,ci
maß,"Hier bedeutet 'Maß' die richtige Menge oder das richtige Ausmaß, also nicht zu viel und nicht zu wenig.
In this context, 'Maß' means the right amount or proper degree, neither too much nor too little.","de,hesse_unterm_rad,Moderne,NOUN",basic,"",0,ci
halten (v),"halten bedeutet, etwas festgreifen, aufrecht bleiben oder eine Haltung einnehmen (z. B. den Kopf hochhalten).
to hold, to keep, to remain upright, or to adopt a posture (e.g., to keep one's head up).","de,hesse_unterm_rad,Moderne,VERB",basic,"",0,ci
brannen (v),"brannte bedeutet, dass etwas sehr heiß ist oder stark brennt, aber hier beschreibt es, dass die Augen sehr hell und intensiv leuchteten.
to burn, but here it describes eyes shining very brightly and intensely.","de,hesse_unterm_rad,Moderne,VERB",basic,"",0,ci
abschiedsbesuch,"Ein letzter Besuch, den man macht, bevor man eine wichtige Stelle verlässt oder eine lange Zeit nicht mehr gesehen wird.
A final visit made before leaving an important position or before not seeing someone again for a long time.","de,hesse_unterm_rad,Moderne,NOUN",basic,"",0,ci
versprich,"etwas versprechen, also ein Wort geben, dass man etwas tun oder nicht tun wird
to promise something, i.e., to give your word that you will or will not do something","de,hesse_unterm_rad,Moderne,ADV",basic,"",0,ci
kopfweh,"Kopfschmerz oder starke Schmerzen im Kopf.
headache or severe pain in the head.","de,hesse_unterm_rad,Moderne,NOUN",basic,"",0,ci
spitz (adj),"Spitz bedeutet, dass etwas eine scharfe, dünne Spitze hat oder nach oben hin schmal wird, wie bei einer Nadel oder einem Ast.
Spitz means having a sharp, thin point at the top, like a needle or a branch.","de,hesse_unterm_rad,Moderne,ADJ",basic,"",0,ci
feinheit,"Feinheit bedeutet sehr kleine, oft schwer zu merkende Details oder Unterschiede, die man genau beachten muss.
Fineness refers to very small details or differences that must be noticed carefully.","de,hesse_unterm_rad,Moderne,NOUN",basic,"",0,ci
herzklopfe,"Das Herzklopfen ist das Gefühl, dass das Herz sehr schnell und stark schlägt, oft wegen Angst oder Nerven.
Palpitations or a feeling that the heart is beating very fast and hard, often due to fear or nerves.","de,hesse_unterm_rad,Moderne,NOUN",basic,"",0,ci
darüber,"darüber bedeutet 'beyond that' or 'past that time' (e.g., past 10 o'clock).
beyond that point in time or space","de,hesse_unterm_rad,Moderne,ADV",basic,"",0,ci
nun,"Von nun an bedeutet ab jetzt oder ab diesem Zeitpunkt.
From now on means from this point in time onwards.","de,hesse_unterm_rad,Moderne,ADV",basic,"",0,ci
geist,"Das Wort 'Geist' bedeutet hier nicht nur 'Atem' oder 'Seele', sondern beschreibt einen Zustand der geistigen Anspannung, des Denkens oder der geistigen Reife.
In this context, 'Geist' does not just mean 'breath' or 'soul', but describes a state of mental tension, thinking, or intellectual maturity.","de,hesse_unterm_rad,Moderne,NOUN",basic,"",0,ci
klosterpfort,"Die Klosterpforte ist der kleine, enge Eingangstor zu einem Kloster oder einer Schule, der oft nur für die besonders guten Schüler offensteht.
The monastery gate is a small, narrow entrance to a monastery or school, often open only for the best students.","de,hesse_unterm_rad,Moderne,NOUN",basic,"",0,ci
herrscher,"Ein Herrscher ist eine Person, die über andere Menschen die Macht hat, wie ein König oder ein Diktator.
A ruler is a person who has power over other people, such as a king or a dictator.","de,hesse_unterm_rad,Moderne,NOUN",basic,"",0,ci
bube,"Ein 'Bube' ist ein kleiner Junge oder ein Knabe.
A 'Bube' is a young boy or a lad.","de,hesse_unterm_rad,Moderne,NOUN",basic,"",0,ci
schlenderen (v),"schlenderen bedeutet, sehr langsam und entspannt zu gehen, oft ohne ein bestimmtes Ziel.
to stroll or walk very slowly and leisurely, often without a specific destination.","de,hesse_unterm_rad,Moderne,VERB",basic,"",0,ci
häufig,"etwas, das oft oder sehr viele Male passiert
something that happens often or very many times","de,hesse_unterm_rad,Moderne,ADV",basic,"",0,ci
seele,"Die Seele ist das unsichtbare Innere eines Menschen, das für Gefühle, Gedanken und den Charakter verantwortlich ist.
The soul is the invisible inner part of a person, responsible for feelings, thoughts, and character.","de,hesse_unterm_rad,Moderne,NOUN",basic,"",0,ci
empfehlen (v),"etwas gut finden und sagen, dass man es machen sollte
to recommend something or say that one should do it","de,hesse_unterm_rad,Moderne,VERB",basic,"",0,ci
blaurandig (adj),"Das Wort 'blaurandig' beschreibt Augen, die durch Übermüdung oder Krankheit einen bläulichen Schimmer haben.
The word 'blaurandig' describes eyes that have a bluish tint due to overexertion or illness.","de,hesse_unterm_rad,Moderne,ADJ",basic,"",0,ci
falte,"Eine Falte ist eine kleine Linie oder Runzel auf der Haut, die entsteht, wenn die Haut sich zusammenzieht oder wenn man viele Jahre alt ist.
A wrinkle or fold on the skin that appears when the skin tightens or when a person is old.","de,hesse_unterm_rad,Moderne,NOUN",basic,"",0,ci
erleben (v),"etwas mit den eigenen Sinnen wahrnehmen oder durchmachen
to experience something with one's own senses or to go through something","de,hesse_unterm_rad,Moderne,VERB",basic,"",0,ci
vorbei,"etwas, das man passiert ist oder an dem man vorbeigegangen ist; es bedeutet 'hinaus' oder 'vorüber'.
something that has happened or passed by; it means 'out' or 'past'.","de,hesse_unterm_rad,Moderne,ADV",basic,"",0,ci
keineswegs,"Das Wort 'keineswegs' bedeutet 'auf keinen Fall' oder 'gar nicht'. Es wird verwendet, um eine Aussage sehr stark zu verneinen.
The word 'keineswegs' means 'by no means' or 'not at all'. It is used to strongly deny a statement.","de,hesse_unterm_rad,Moderne,ADV",basic,"",0,ci
zucken (v),"Schnell und kurz zusammenzucken, oft aus Angst oder Überraschung.
To jerk or twitch suddenly, often due to fear or surprise.","de,hesse_unterm_rad,Moderne,VERB",basic,"",0,ci
sonst,"sonst bedeutet 'in anderen Fällen' oder 'außerhalb dieser Zeit'. Es zeigt an, dass etwas anders ist als im vorherigen Satz beschrieben.
otherwise or in other cases; it indicates that something is different from what was described before.","de,hesse_unterm_rad,Moderne,ADV",basic,"",0,ci
verscheuchen (v),"etwas wegtreiben oder vertreiben, oft durch Schreien oder Lärm
to drive away or scatter, often by shouting or making noise","de,hesse_unterm_rad,Moderne,VERB",basic,"",0,ci
hingen (v),"Die Arme und Hände hingen herab, das bedeutet, dass sie schlaff und ohne Kraft nach unten ragten.
The arms and hands hung down, meaning they were limp and hanging downwards without strength.","de,hesse_unterm_rad,Moderne,VERB",basic,"",0,ci
matt,"etwas, das nicht hell und glänzend ist, sondern eher trüb oder schwach leuchtet
something that is not bright and shiny, but rather dull or dimly shining","de,hesse_unterm_rad,Moderne,ADV",basic,"",0,ci
breit,"Das Wort 'breit' beschreibt etwas, das von einer Seite zur anderen eine große Entfernung hat oder viel Platz einnimmt (z. B. eine breite Straße oder eine breite Brüstung).
The word 'breit' describes something that has a large distance from one side to the other or takes up a lot of space (e.g., a wide street or a wide railing).","de,hesse_unterm_rad,Moderne,ADV",basic,"",0,ci
knapp,"etwas ist knapp, wenn es nicht viel davon gibt oder wenn man sehr wenig Zeit hat.
something is scarce, or there is very little of it; also used to mean 'briefly' or 'concisely'.","de,hesse_unterm_rad,Moderne,ADV",basic,"",0,ci
stirn,"Die Stirn ist die flache Stelle an der Vorderseite des Kopfes, zwischen den Augenbrauen und dem Haaransatz.
The forehead is the flat area on the front of the head, between the eyebrows and the hairline.","de,hesse_unterm_rad,Moderne,NOUN",basic,"",0,ci
besonders,"etwas, das mehr als andere ist; sehr stark oder wichtig
something that is more than others; very strong or important","de,hesse_unterm_rad,Moderne,ADV",basic,"",0,ci
herab,"herab bedeutet 'nach unten' oder 'runter' und zeigt eine Bewegung von oben nach unten an.
herab means 'down' or 'downwards' and indicates a movement from a higher to a lower position.","de,hesse_unterm_rad,Moderne,ADV",basic,"",0,ci
schauen (v),"etwas mit den Augen ansehen oder wahrnehmen
to look at something or to perceive it with the eyes","de,hesse_unterm_rad,Moderne,VERB",basic,"",0,ci
weile,"Eine Weile bedeutet eine kurze, unbestimmte Zeit oder einen kurzen Zeitraum.
A while means a short, unspecified period of time.","de,hesse_unterm_rad,Moderne,NOUN",basic,"",0,ci
zwar,"Das Wort 'zwar' wird verwendet, um eine Tatsache zuzugeben, die aber durch ein 'aber' oder 'jedoch' sofort eingeschränkt oder korrigiert wird.
The word 'zwar' is used to admit a fact that is immediately limited or corrected by 'aber' or 'jedoch'.","de,hesse_unterm_rad,Moderne,ADV",basic,"",0,ci
scheu,"Angstlich, vorsichtig oder zurückhaltend, besonders wenn man etwas oder jemanden fürchtet.
Timid, shy, or fearful; acting cautiously because one is afraid of something or someone.","de,hesse_unterm_rad,Moderne,NOUN",basic,"",0,ci
sehen (v),"etwas mit den Augen wahrnehmen oder beobachten
to see or perceive something with the eyes","de,hesse_unterm_rad,Moderne,VERB",basic,"",0,ci
hübsch (adj),"hübsch bedeutet schön, nett oder sympathisch, oft verwendet für Menschen oder Dinge, die einen angenehmen Eindruck machen.
hübsch means pretty, nice, or pleasant, often used for people or things that make a good impression.","de,hesse_unterm_rad,Moderne,ADJ",basic,"",0,ci
erstaunt (adj),"Erstaunt bedeutet, dass man sehr überrascht ist, weil etwas passiert ist, das man nicht erwartet hat.
Surprised or shocked because something happened that was unexpected.","de,hesse_unterm_rad,Moderne,ADJ",basic,"",0,ci
vorüber,"vorüber bedeutet, dass man an etwas oder jemandem entlanggeht, ohne dort zu bleiben oder es genau anzusehen.
to pass by something or someone without stopping or looking at it closely.","de,hesse_unterm_rad,Moderne,ADV",basic,"",0,ci
peinlich,"etwas, das sehr unangenehm oder beschämend ist, weil es peinlich macht
something that is very unpleasant or embarrassing because it causes shame","de,hesse_unterm_rad,Moderne,ADV",basic,"",0,ci
leis (adj),"leise bedeutet, dass etwas nur ganz leise passiert oder man nur sehr leise spricht.
quiet means that something happens very softly or someone speaks very quietly.","de,hesse_unterm_rad,Moderne,ADJ",basic,"",0,ci
still,"ruhig, leise, ohne Lärm oder Bewegung
quiet, silent, without noise or movement","de,hesse_unterm_rad,Moderne,X",basic,"",0,ci
dünn (adj),"dünn bedeutet, dass etwas nicht dick ist oder wenig Masse hat, z. B. bei Papier, Kleidung oder Körperteilen.
thin, meaning something is not thick or has little mass, such as paper, clothing, or body parts.","de,hesse_unterm_rad,Moderne,ADJ",basic,"",0,ci
herein,"herein bedeutet 'nach innen' oder 'in diese Richtung' und wird verwendet, wenn sich jemand oder etwas in einen geschlossenen Raum bewegt.
herein means 'inward' or 'in this direction' and is used when someone or something moves into an enclosed space.","de,hesse_unterm_rad,Moderne,ADV",basic,"",0,ci
blick,"Das Wort 'Blick' bedeutet ein kurzer Moment, in dem man etwas mit den Augen sieht. Es kann auch die Fähigkeit bedeuten, etwas zu bemerken oder zu verstehen.
The word 'Blick' means a short moment of seeing something with the eyes. It can also mean the ability to notice or understand something.","de,hesse_unterm_rad,Moderne,NOUN",basic,"",0,ci
erfolgreich (adj),"Wenn etwas erfolgreich ist, hat man das Ziel erreicht oder es ist gut gelaufen.
When something is successful, the goal has been reached or things went well.","de,hesse_unterm_rad,Moderne,ADJ",basic,"",0,ci
drang,"Drang bedeutet ein starkes, inneres Verlangen oder einen starken Wunsch, etwas zu tun oder zu empfinden.
Drang means a strong inner desire or urge to do something or feel something.","de,hesse_unterm_rad,Moderne,NOUN",basic,"",0,ci
dringend,"etwas, das sehr wichtig ist und schnell erledigt werden muss
something that is very important and must be done quickly","de,hesse_unterm_rad,Moderne,ADV",basic,"",0,ci
unruhig (adj),"unruhig bedeutet, dass jemand nicht ruhig ist, sondern nervös, ungeduldig oder innerlich bewegt.
unruhig means that someone is not calm, but rather nervous, impatient, or internally agitated.","de,hesse_unterm_rad,Moderne,ADJ",basic,"",0,ci
aufatmend,"Wenn man aufatmend ist, hat man gerade tief ausgeatmet, weil man eine schwere Last oder Angst abgelegt hat.
When someone is 'aufatmend', they have just taken a deep breath because they have put down a heavy burden or fear.","de,hesse_unterm_rad,Moderne,ADV",basic,"",0,ci
liegen (v),"etwas befindet sich in einer bestimmten Position, oft flach auf einer Oberfläche oder im Bett
to be located in a certain position, often flat on a surface or in bed","de,hesse_unterm_rad,Moderne,VERB",basic,"",0,ci
hauptfächer,"Das Wort 'Hauptfächer' bedeutet die wichtigsten Schulfächer, die in der Schule besonders viel Zeit und Aufmerksamkeit bekommen.
The word 'Hauptfächer' means the most important school subjects that receive a lot of time and attention at school.","de,hesse_unterm_rad,Moderne,NOUN",basic,"",0,ci
nahe,"nahe bedeutet 'in der Nähe' oder 'nicht weit entfernt'.
nahe means 'close' or 'not far away'.","de,hesse_unterm_rad,Moderne,ADV",basic,"",0,ci
reichhaltig (adj),"viel Inhalt habend, viele Dinge enthaltend oder umfassend
containing a lot, rich in content or variety","de,hesse_unterm_rad,Moderne,ADJ",basic,"",0,ci
grazie,"Elegante und natürliche Art und Weise, wie jemand sich bewegt oder wie etwas angeordnet ist.
Elegant and natural manner of movement or arrangement.","de,hesse_unterm_rad,Moderne,NOUN",basic,"",0,ci
nah,"Das Wort 'nah' bedeutet, dass etwas oder jemand nicht weit weg ist, sondern in der Nähe.
The word 'nah' means that something or someone is not far away, but close.","de,hesse_unterm_rad,Moderne,ADV",basic,"",0,ci
hinabhingen (v),"etwas hängt nach unten, z. B. Äste oder Kleidung.
to hang down","de,hesse_unterm_rad,Moderne,VERB",basic,"",0,ci
betonen (v),"etwas besonders wichtig oder stark hervorheben
to emphasize or stress something as particularly important","de,hesse_unterm_rad,Moderne,VERB",basic,"",0,ci
immerhin,"immerhin bedeutet, dass etwas trotz Schwierigkeiten oder negativer Umstände doch noch passiert oder gut ist.
after all, nonetheless, or at least","de,hesse_unterm_rad,Moderne,ADV",basic,"",0,ci
autor,"Ein Autor ist jemand, der Bücher oder Texte schreibt.
An author is someone who writes books or texts.","de,hesse_unterm_rad,Moderne,NOUN",basic,"",0,ci
verratend (adj),"Das Wort 'verratend' bedeutet, dass etwas zeigt oder verrät, was man nicht sagen will, zum Beispiel Gefühle oder den Charakter einer Person.
The word 'verratend' means that something shows or reveals what one does not want to say, for example feelings or a person's character.","de,hesse_unterm_rad,Moderne,ADJ",basic,"",0,ci
tannenberge,"Tannenberge sind viele hohe Nadelbäume (Tannen), die zusammen einen Berg oder eine große Waldfläche bedecken.
Tannenberge are many tall fir trees that together cover a mountain or a large forest area.","de,hesse_unterm_rad,Moderne,NOUN",basic,"",0,ci
weidenäste,"Das Wort 'Weidenäste' bedeutet die Zweige der Weide, einem Baum, der oft an Flüssen wächst.
The word 'Weidenäste' means the branches of the willow, a tree that often grows by rivers.","de,hesse_unterm_rad,Moderne,NOUN",basic,"",0,ci
schlußrechnung,"Eine Schlußrechnung ist eine mathematische Aufgabe, bei der man am Ende eines Problems das Endergebnis berechnet.
A final calculation or a math problem where you calculate the final result at the end.","de,hesse_unterm_rad,Moderne,NOUN",basic,"",0,ci
beschäftigen (v),"etwas tun, um Zeit zu verbringen oder sich mit etwas zu befassen
to occupy oneself with something or to spend time doing something","de,hesse_unterm_rad,Moderne,VERB",basic,"",0,ci
gelesen (adj),"gelesen — ein Wort aus dem literarischen Kontext.
(no English gloss for gelesen)","de,hesse_unterm_rad,Moderne,ADJ",basic,"",0,ci
trüb (adj),"trüb bedeutet, dass etwas nicht klar ist, wie bei verschmutztem Wasser, oder dass jemand traurig und ernst aussieht.
turbid or murky, often used to describe cloudy water or a sad, serious look in someone's eyes.","de,hesse_unterm_rad,Moderne,ADJ",basic,"",0,ci
blauschwarz (adj),"Eine sehr dunkle Farbe, die zwischen Blau und Schwarz liegt.
A very dark color that lies between blue and black.","de,hesse_unterm_rad,Moderne,ADJ",basic,"",0,ci
gerberplatz,"Ein Platz, auf dem früher Häute für Leder verarbeitet wurden.
A place where hides were processed into leather in the past.","de,hesse_unterm_rad,Moderne,NOUN",basic,"",0,ci
hauptnachdruck,"Das Wort 'Hauptnachdruck' bedeutet, dass etwas besonders wichtig ist und man sich darauf am meisten konzentrieren muss.
The term 'Hauptnachdruck' means that something is especially important and one must focus on it most.","de,hesse_unterm_rad,Moderne,NOUN",basic,"",0,ci
empfinden (v),"etwas fühlen oder spüren, zum Beispiel Gefühle oder körperliche Empfindungen
to feel or perceive something, such as emotions or physical sensations","de,hesse_unterm_rad,Moderne,VERB",basic,"",0,ci
ausmachen (v),"etwas machen, das es nicht mehr gibt; hier: den siebenten Teil des Lebens einnehmen oder ausfüllen
to turn off (a device) or to constitute/make up (a part of something); in this context: to constitute or make up","de,hesse_unterm_rad,Moderne,VERB",basic,"",0,ci
vergeistigung,"Der Prozess, bei dem jemand oder etwas geistig wird, also weniger menschlich oder körperlich wirkt und mehr wie ein Geist oder eine Idee.
The process of becoming spiritual or intellectual, losing human or physical warmth.","de,hesse_unterm_rad,Moderne,NOUN",basic,"",0,ci
dächerflucht,"Die Dächerflucht ist die Linie, die man sieht, wenn man von oben auf viele Hausdächer schaut; sie zeigt, wie die Dächer ineinander übergehen und die Stadt begrenzen.
The roofscape is the line visible when looking down from above at many roofs; it shows how roofs overlap and outline the city.","de,hesse_unterm_rad,Moderne,NOUN",basic,"",0,ci
weidenbestanden (adj),"Das Wort bedeutet, dass die Ufer des Flusses mit Weidenbäumen bewachsen sind.
The word means that the river banks are covered with willow trees.","de,hesse_unterm_rad,Moderne,ADJ",basic,"",0,ci
satzverknüpfung,"Es bedeutet, wie man Sätze miteinander verbindet, zum Beispiel mit 'und', 'aber' oder 'weil'.
It means how to connect sentences, for example using 'and', 'but', or 'because'.","de,hesse_unterm_rad,Moderne,NOUN",basic,"",0,ci
aussprache,"Wie man ein Wort lautlich richtig sagt (die Betonung und die Laute).
The way a word is pronounced (including stress and sounds).","de,hesse_unterm_rad,Moderne,NOUN",basic,"",0,ci
mußestunde,"Eine Mußestunde ist eine Zeit, in der man nichts tun muss und frei ist, zum Beispiel am Sonntag oder nach der Schule.
A free hour or spare time when one does not have to work or study, such as on Sundays or after school.","de,hesse_unterm_rad,Moderne,NOUN",basic,"",0,ci
plätscherten (v),"Das Verb 'plätschern' beschreibt das Geräusch, das Wasser macht, wenn es auf einen harten Boden fällt oder in kleinen Mengen fließt (z. B. in Brunnen).
The verb 'plätschern' describes the sound water makes when it falls onto a hard surface or flows in small amounts (e.g., in fountains).","de,hesse_unterm_rad,Moderne,VERB",basic,"",0,ci
badwiese,"Eine Wiese am Wasser, die man zum Baden oder Ausruhen nutzen kann.
A meadow by the water that can be used for swimming or relaxing.","de,hesse_unterm_rad,Moderne,NOUN",basic,"",0,ci
mannigfaltigkeit,"Mannigfaltigkeit bedeutet, dass etwas sehr viele verschiedene Arten, Formen oder Möglichkeiten hat.
Mannigfaltigkeit means that something has many different kinds, forms, or possibilities.","de,hesse_unterm_rad,Moderne,NOUN",basic,"",0,ci
rufen (v),"etwas laut sagen, damit andere es hören
to call out or shout something so others can hear","de,hesse_unterm_rad,Moderne,VERB",basic,"",0,ci
etwaig (adj),"Das Wort 'etwaig' ist ein Tippfehler und sollte 'etwa' heißen. 'Etwa' bedeutet ungefähr oder vielleicht.
The word 'etwaig' is a typo and should be 'etwa'. 'Etwa' means approximately or perhaps.","de,hesse_unterm_rad,Moderne,ADJ",basic,"",0,ci
kirchberglinde,"Eine große alte Linde, die auf oder direkt neben einem Kirchberg (einem Hügel bei einer Kirche) steht.
A large old lime tree standing on or directly next to a church hill.","de,hesse_unterm_rad,Moderne,NOUN",basic,"",0,ci
mühle,"Eine Mühle ist ein Gebäude, in dem man früher Korn oder andere Dinge mit Hilfe von Wasserkraft oder Windmühlenmühle mahlte.
A mill is a building where grain or other things were ground using water power or a windmill in the past.","de,hesse_unterm_rad,Moderne,NOUN",basic,"",0,ci
zeitwörter,"Zeitwörter sind ein alter Name für Verben, also Wörter, die eine Handlung oder einen Zustand beschreiben (z. B. 'gehen', 'sein', 'denken').
Zeitwörter is an old German term for verbs, which are words that describe an action or a state (e.g., 'to go', 'to be', 'to think').","de,hesse_unterm_rad,Moderne,NOUN",basic,"",0,ci
viel,"viel bedeutet eine große Menge oder eine hohe Anzahl von etwas.
viel means a large amount or a high number of something.","de,hesse_unterm_rad,Moderne,ADV",basic,"",0,ci
stolze,"Stolz ist ein gutes Gefühl, wenn man etwas gut gemacht hat oder etwas Besonderes ist. 'Stolze' bedeutet hier, dass der Vater sich sehr stolz auf das Lernen seines Sohnes fühlte.
Proud is a good feeling when you have done something well or are something special. 'Stolze' here means that the father felt very proud of his son's studying.","de,hesse_unterm_rad,Moderne,NOUN",basic,"",0,ci
ratschläge,"Ratschläge sind Vorschläge oder Hinweise, die andere Menschen geben, um dir zu helfen oder dir beizubringen, wie du etwas besser machen kannst.
Advice or suggestions given by others to help you or teach you how to do something better.","de,hesse_unterm_rad,Moderne,NOUN",basic,"",0,ci
stellfalle,"Eine Stellfalle ist ein kleines, flaches Becken oder eine Mulde im Wasser, in der sich Wasser sammelt, oft an einer Stufe oder einem Uferabschnitt.
A small, shallow pool or depression in the water where water collects, often at a step or along a bank.","de,hesse_unterm_rad,Moderne,NOUN",basic,"",0,ci
unterweisung,"Eine Unterweisung ist eine spezielle Lehrstunde oder Anleitung, bei der jemand etwas sehr genau und praktisch erklärt, oft mit Übungen.
A special lesson or instruction where someone explains something in detail and practically, often with exercises.","de,hesse_unterm_rad,Moderne,NOUN",basic,"",0,ci
dekan,"Ein Dekan ist der Leiter einer Fakultät an einer Universität oder der Vorsteher einer Kirchengemeinde.
A dean is the head of a faculty at a university or the head of a church congregation.","de,hesse_unterm_rad,Moderne,NOUN",basic,"",0,ci
wohlgefällig (adj),"etwas, das jemandem gefällt oder das er mit Freude betrachtet
something that pleases someone or is viewed with joy","de,hesse_unterm_rad,Moderne,ADJ",basic,"",0,ci
brückenkapelle,"Eine kleine Kapelle, die direkt auf einer Brücke gebaut ist.
A small chapel built directly on a bridge.","de,hesse_unterm_rad,Moderne,NOUN",basic,"",0,ci
entsenden (v),"etwas oder jemanden zu einem bestimmten Zweck an einen anderen Ort schicken oder abfertigen
to send someone or something to a specific place for a specific purpose","de,hesse_unterm_rad,Moderne,VERB",basic,"",0,ci
fortwährend,"Das Wort 'fortwährend' bedeutet, dass etwas immer wieder passiert oder ohne Unterlass andauert.
The word 'fortwährend' means that something happens again and again or continues without interruption.","de,hesse_unterm_rad,Moderne,ADV",basic,"",0,ci
ölverbrauch,"Die Menge an Öl, die für eine Lampe oder ein Feuer verbraucht wird.
The amount of oil used for a lamp or fire.","de,hesse_unterm_rad,Moderne,NOUN",basic,"",0,ci
bummeln (v),"etwas ohne festen Plan oder Ziel machen, sich entspannt durch die Gegend bewegen
to hang out or wander around without a specific plan or goal","de,hesse_unterm_rad,Moderne,VERB",basic,"",0,ci
wettbewerb,"Ein Wettbewerb ist ein Vergleich oder ein Kampf zwischen mehreren Personen oder Gruppen, um zu sehen, wer die beste Leistung erbringt oder einen Preis gewinnt.
A competition or contest between several people or groups to see who performs best or wins a prize.","de,hesse_unterm_rad,Moderne,NOUN",basic,"",0,ci
abstumpfen (v),"etwas nicht mehr so empfindlich machen, dass man Schmerz oder schlechtes Gewissen nicht mehr richtig spürt
to become less sensitive, so that one no longer feels pain or guilt properly","de,hesse_unterm_rad,Moderne,VERB",basic,"",0,ci
grollen (v),"Grollen bedeutet, wenn jemand wütend ist und tief im Inneren vor sich hin brummt oder zornig auf jemanden herabblickt, oft ohne etwas zu sagen.
To grumble or brood in anger; to feel resentment silently.","de,hesse_unterm_rad,Moderne,VERB",basic,"",0,ci
messerschmiede,"Ein Ort, an dem alte Messer geschmiedet und repariert wurden.
A place where old knives were forged and repaired.","de,hesse_unterm_rad,Moderne,NOUN",basic,"",0,ci
weltlich (adj),"weltlich — ein Wort aus dem literarischen Kontext.
(no English gloss for weltlich)","de,hesse_unterm_rad,Moderne,ADJ",basic,"",0,ci
klassenlehrer,"Ein Klassenlehrer ist eine Person, die in der Schule für eine ganze Klasse verantwortlich ist und sowohl unterrichtet als auch die Schüler betreut.
A class teacher is a person responsible for an entire class in school, teaching and caring for the students.","de,hesse_unterm_rad,Moderne,NOUN",basic,"",0,ci
marktgas,"Marktgas ist kein echtes deutsches Wort. Es ist ein Tippfehler oder ein Missverständnis. Im Text steht eigentlich 'Marktplatz', was der Platz am Markt ist, wo Menschen einkaufen oder sich treffen.
Marktgas is not a real German word. It is a typo or a misunderstanding. In the text, it should be 'Marktplatz', which is the square where people shop or meet.","de,hesse_unterm_rad,Moderne,NOUN",basic,"",0,ci
zettel,"Ein kleines Stück Papier mit daraufgeschriebenen Notizen oder Aufgaben.
A small piece of paper with notes or tasks written on it.","de,hesse_unterm_rad,Moderne,NOUN",basic,"",0,ci
umhegt (adj),"etwas umhegen bedeutet, dass es ruhig und sicher ist, weil es von einem Zaun oder einer Mauer umgeben ist.
to enclose or surround something with a fence or wall to keep it safe and quiet.","de,hesse_unterm_rad,Moderne,ADJ",basic,"",0,ci
rathaus,"Ein Rathaus ist ein großes Gebäude, in dem die Stadtverwaltung sitzt und wo die Bürgermeister arbeiten.
A town hall is a large building where the city administration sits and where the mayors work.","de,hesse_unterm_rad,Moderne,NOUN",basic,"",0,ci
beschrieben (adj),"etwas mit Worten oder Texten erklärt oder dargestellt
described or explained with words or text","de,hesse_unterm_rad,Moderne,ADJ",basic,"",0,ci
segensreich,"segensreich bedeutet, dass etwas sehr viel Glück, Erfolg oder positive Kraft bringt.
blessed or full of blessings; bringing great success or good fortune.","de,hesse_unterm_rad,Moderne,ADV",basic,"",0,ci
heimlicherweise,"Das Wort 'heimlicherweise' bedeutet 'heimlich' oder 'geheim'. Es beschreibt eine Handlung, die jemand im Geheimen macht, damit andere es nicht sehen oder wissen.
The word 'heimlicherweise' means 'secretly' or 'in secret'. It describes an action done in private so that others do not see or know about it.","de,hesse_unterm_rad,Moderne,ADV",basic,"",0,ci
häuslich (adj),"häuslich — ein Wort aus dem literarischen Kontext.
(no English gloss for häuslich)","de,hesse_unterm_rad,Moderne,ADJ",basic,"",0,ci
segen,"Segen ist ein gutes Geschenk oder eine positive Kraft, die jemand bekommt, zum Beispiel durch Gebet oder gute Taten.
Blessing is a good gift or a positive power that someone receives, for example through prayer or good deeds.","de,hesse_unterm_rad,Moderne,NOUN",basic,"",0,ci
erledigen (v),"etwas fertig machen oder beenden, sodass es erledigt ist.
to finish or complete something so that it is done.","de,hesse_unterm_rad,Moderne,VERB",basic,"",0,ci
erquickend (adj),"etwas, das Kraft gibt, erheitert und die Seele wieder zum Leben erweckt
something that gives strength, refreshes, and brings the soul back to life","de,hesse_unterm_rad,Moderne,ADJ",basic,"",0,ci
traulich (adj),"Beschreibt eine gemütliche, warme und friedliche Atmosphäre, oft verbunden mit Licht und Zuhause.
Describes a cozy, warm, and peaceful atmosphere, often associated with light and home.","de,hesse_unterm_rad,Moderne,ADJ",basic,"",0,ci
verkümmeren (v),"etwas verkümmern bedeutet, dass es nicht mehr richtig wächst oder sich entwickelt und dadurch schwach oder unvollständig wird.
to wither or fail to develop properly, becoming weak or stunted.","de,hesse_unterm_rad,Moderne,VERB",basic,"",0,ci
ansammelten (v),"ansammeln bedeutet, dass sich viele Dinge oder Aufgaben Stück für Stück zusammenlegen und immer mehr werden.
to accumulate means that many things or tasks pile up one by one and become more numerous.","de,hesse_unterm_rad,Moderne,VERB",basic,"",0,ci
erfrischend (adj),"etwas, das wieder Kraft gibt, wie frische Luft oder ein kaltes Getränk; es macht wach und gut gelaunt.
something that restores energy, like fresh air or a cold drink; it makes you feel alert and cheerful.","de,hesse_unterm_rad,Moderne,ADJ",basic,"",0,ci
tagsüber,"tagsüber bedeutet 'während des Tages', also von morgens bis abends, wenn das Licht da ist.
during the day, from morning until evening when there is light.","de,hesse_unterm_rad,Moderne,ADV",basic,"",0,ci
aufsag,"Aufsagen bedeutet, etwas laut vorzulesen oder auswendig zu rezitieren, zum Beispiel Fragen und Antworten beim Lernen.
To read something aloud or to recite something from memory, for example questions and answers while learning.","de,hesse_unterm_rad,Moderne,NOUN",basic,"",0,ci
auswendiglernen,"etwas so oft wiederholen, bis man es ohne Nachschauen im Kopf behalten kann
to repeat something so often that you can remember it without looking at notes","de,hesse_unterm_rad,Moderne,NOUN",basic,"",0,ci
auswendiglern,"Auswendiglernen bedeutet, sich etwas (wie Texte oder Fragen) so gut zu merken, dass man es ohne Nachschlagen aus dem Kopf sagen kann.
To memorize something so well that you can say it from memory without looking at notes.","de,hesse_unterm_rad,Moderne,NOUN",basic,"",0,ci
wirkung,"Ein Einfluss, den etwas auf jemanden oder etwas anderes hat (z. B. eine gute oder schlechte Wirkung).
An influence or effect that something has on a person or something else (e.g., a positive or negative effect).","de,hesse_unterm_rad,Moderne,NOUN",basic,"",0,ci
anregend (adj),"etwas, das die Gedanken oder das Lernen macht, dass man sich besser konzentrieren und motiviert fühlt
something that stimulates the mind or makes you feel motivated to learn","de,hesse_unterm_rad,Moderne,ADJ",basic,"",0,ci
gelegentlich (adj),"Manchmal, von Zeit zu Zeit, nicht immer.
Sometimes, from time to time, not always.","de,hesse_unterm_rad,Moderne,ADJ",basic,"",0,ci
brenzisch (adj),"Brenzisch bedeutet, dass etwas aus der Region Brenz (in Baden-Württemberg) kommt oder dort üblich ist.
Brenzisch means something comes from the region of Brenz (in Baden-Württemberg) or is customary there.","de,hesse_unterm_rad,Moderne,ADJ",basic,"",0,ci
konfirmandenunterricht,"Der Konfirmandenunterricht ist eine religiöse Schulstunde für Jugendliche, die bald getauft werden sollen, in der sie den Katechismus lernen.
Confirmation class is a religious lesson for teenagers who are about to be baptized, where they learn the catechism.","de,hesse_unterm_rad,Moderne,NOUN",basic,"",0,ci
verdorre (v),"etwas ist verdorrt, wenn es sehr trocken und welk ist, meist durch mangelnde Feuchtigkeit oder Hitze.
something is withered or dried out, usually due to lack of moisture or heat.","de,hesse_unterm_rad,Moderne,VERB",basic,"",0,ci
verstandesübung,"Eine geistige Tätigkeit oder Übung, bei der der Verstand trainiert wird, zum Beispiel durch Lernen oder Nachdenken.
A mental exercise or activity that trains the mind, such as learning or thinking.","de,hesse_unterm_rad,Moderne,NOUN",basic,"",0,ci
überlastung,"Wenn man zu viel Arbeit, Stress oder Gedanken hat und sich dadurch nicht mehr gut fühlen kann.
When one has too much work, stress, or thoughts and cannot feel well anymore.","de,hesse_unterm_rad,Moderne,NOUN",basic,"",0,ci
